snapshot-date,sku,fnsku,asin,product-name,condition,available,pending-removal-quantity,inv-age-0-to-90-days,inv-age-91-to-180-days,inv-age-181-to-270-days,inv-age-271-to-365-days,inv-age-365-plus-days,currency,units-shipped-t7,units-shipped-t30,units-shipped-t60,units-shipped-t90,alert,your-price,sales-price,lowest-price-new-plus-shipping,lowest-price-used,recommended-action,DEPRECATED healthy-inventory-level,recommended-sales-price,recommended-sale-duration-days,recommended-removal-quantity,estimated-cost-savings-of-recommended-actions,sell-through,item-volume,volume-unit-measurement,storage-type,storage-volume,marketplace,product-group,sales-rank,days-of-supply,estimated-excess-quantity,weeks-of-cover-t30,weeks-of-cover-t90,featuredoffer-price,sales-shipped-last-7-days,sales-shipped-last-30-days,sales-shipped-last-60-days,sales-shipped-last-90-days,inv-age-0-to-30-days,inv-age-31-to-60-days,inv-age-61-to-90-days,inv-age-181-to-330-days,inv-age-331-to-365-days,estimated-storage-cost-next-month,inbound-quantity,inbound-working,inbound-shipped,inbound-received,no-sale-last-6-months,reserved-quantity,unfulfillable-quantity,quantity-to-be-charged-ais-181-210-days,estimated-ais-181-210-days,quantity-to-be-charged-ais-211-240-days,estimated-ais-211-240-days,quantity-to-be-charged-ais-241-270-days,estimated-ais-241-270-days,quantity-to-be-charged-ais-271-300-days,estimated-ais-271-300-days,quantity-to-be-charged-ais-301-330-days,estimated-ais-301-330-days,quantity-to-be-charged-ais-331-365-days,estimated-ais-331-365-days,quantity-to-be-charged-ais-365-plus-days,estimated-ais-365-plus-days,historical-days-of-supply,fba-minimum-inventory-level,fba-inventory-level-health-status,Recommended ship-in quantity,Recommended ship-in date,Last updated date for Historical Days of Supply,Exempted from Low-Inventory-Level fee?,Low-Inventory-Level fee applied in current week?,Short term historical days of supply,Long term historical days of supply
2024-06-22,CR-1SY8-9YT4,X0GJ4OO98K,B0UU234HE9,"SockBrand Over the Calf Mens Dress Socks (9 Pairs) | Cotton Made, Long Socks | Light Compression Socks for Men | Doctor Themed Patterns, Argyles and Solids | Big and Tall Size (US Mens Shoe 12-16)",New,10,0,0,0,0,1,9,USD,1.0,3.0,9.0,19.0,Low traffic,100.81,0.0,105.34,0.0,Advertise listing,,0.0,0.0,0.0,0.65,1.07,0.172795,cubic feet,Apparel,1.72795,US,gl_apparel,668526.0,112,0,13.0,6.0,99.56,107.11,315.7,921.42,1730.18,0,0,0,0,1,14.24,0,0,0,0,,0,0,0.0,0.0,0.0,0.0,0.0,0.0,0.0,0.0,0.0,0.0,0.0,0.0,10.0,12.68,151.8,4.0,Healthy,,,2024-06-24,Yes,No,151.8,119.8
2024-06-21,ON-1OB8-DY5J,X0AG9ZI65Z,B0KNDX6KKO,Men's Dress Sock Collection (9 pairs) (Business Ready)-Men Shoe Size 7-12,New,36,0,36,0,0,0,0,USD,0.0,3.0,8.0,8.0,Low traffic,84.56,0.0,93.19,0.0,Advertise listing,,0.0,0.0,0.0,0.39,0.41,0.174387,cubic feet,Apparel,6.277932,US,gl_apparel,713945.0,255,0,48.0,58.0,88.8,0.0,263.72,671.97,687.64,4,20,12,0,0,4.62,0,0,0,0,,0,0,,,,,,,,,,,,,,,101.2,17.0,Healthy,,,2024-06-24,Yes,No,101.2,75.6
2024-06-22,JH-FPFR-WCDX,X0ATIJOO5N,B08EHTDC1D,"SockBrand Over the Calf Mens Dress Socks (9 Pairs) | Cotton Made, Long Socks, Wide Socks | Light Compression Socks for Men in Blue, Burgundy, and Green Stripes | Classic Size (US Mens Shoe 7-11)",New,16,0,16,0,0,0,0,USD,1.0,3.0,14.0,14.0,Low traffic,91.48,0.0,109.18,0.0,Advertise listing,,51.66,2.0,0.0,2854.02,0.89,0.182183,cubic feet,Apparel,2.914928,US,gl_apparel,618436.0,126,0,21.0,14.0,95.26,118.69,278.1,1130.29,1243.34,0,1,15,0,0,14.64,0,0,0,0,,0,0,,,,,,,,,,,,,,,176.2,6.0,Healthy,,,2024-06-24,Yes,No,176.2,131.6
2024-06-21,BV-RRNL-DUBY,X0FFQJ4W0G,B0F7S9EFVB,"SockBrand Over the Calf Mens Dress Socks (3 Pairs) | Cotton Made, Long Socks, Wide Socks | Light Compression Socks for Men in Colorful Stripes | Classic Size (US Mens Shoe 7-11)",New,19,0,19,0,0,0,0,USD,0.0,0.0,1.0,1.0,Low traffic,42.87,0.0,43.98,0.0,Advertise listing,,24.09,2.0,0.0,620.53,0.07,0.081235,cubic feet,Apparel,1.543465,US,gl_apparel,282419.0,260,0,,247.0,41.91,0.0,0.0,43.46,47.43,0,0,19,0,0,1.15,0,0,0,0,,0,0,,,,,,,,,,,,,,,135.0,7.0,Healthy,,,2024-06-24,Yes,No,90.5,135.0
2024-06-19,ZQ-ETLW-GQ12,X0UYBOYF8H,B0GBQ3WHZ2,"SockBrand Over the Calf Mens Dress Socks (3 Pairs) | Cotton Made, Long Socks, Wide Socks | Light Compression Socks for Men in Fun Office Designs | Big and Tall Size (US Mens Shoe 12-16)",New,5,0,0,2,1,3,0,USD,3.0,3.0,6.0,8.0,Low traffic,51.14,0.0,53.59,0.0,SendToFBA,,24.24,2.0,0.0,21.05,0.67,0.072074,cubic feet,Apparel,0.36037,US,gl_apparel,318407.0,62,0,6.0,8.0,47.66,159.99,139.72,314.15,401.51,0,0,0,4,0,1.09,0,0,0,0,,0,1,0.0,0.0,0.0,0.0,0.0,0.0,0.0,0.0,1.0,0.42,2.0,0.89,0.0,0.0,135.0,3.0,Healthy,25.0,2024-07-02,2024-06-24,Yes,No,90.5,135.0
2024-06-21,FU-KG8C-Y12E,X0EY91TLHC,B0TRYND0EZ,"SockBrand Over the Calf Mens Dress Socks (9 Pairs) | Cotton Made, Long Socks, Wide Socks | Light Compression Socks for Men in Stripes, Argyles and Dots Designs | Big and Tall Size (US Mens 12-16)",New,17,0,17,0,0,0,0,USD,2.0,7.0,13.0,13.0,Low traffic,103.85,0.0,110.69,0.0,Advertise listing,,53.03,2.0,0.0,2024.33,0.75,0.163263,cubic feet,Apparel,2.775471,US,gl_apparel,626852.0,167,0,9.0,17.0,121.78,204.03,739.96,1397.18,1238.58,0,0,17,0,0,5.36,0,0,0,0,,0,0,,,,,,,,,,,,,,,176.2,6.0,Healthy,,,2024-06-24,Yes,No,176.2,131.6
2024-06-21,PK-BD3V-UFTP,X0IWI9FIO8,B0BX2I8J4H,"SockBrand Crew Socks for Men (9 Pairs) | 100% Cotton Socks for Men, Short Socks for Men, Mid Calf Socks in Brown, Beige and Blue in Patterns, Argyles and Solids | Big & Tall Size (US M Shoe 12-16)",New,14,0,14,0,0,0,0,USD,0.0,1.0,8.0,10.0,Low traffic,85.62,0.0,76.02,0.0,Advertise listing,,0.0,0.0,0.0,362.65,1.08,0.007887,cubic feet,Apparel,0.110418,US,gl_apparel,257866.0,293,14,56.0,18.0,76.81,0.0,75.72,517.54,641.17,14,0,0,0,0,0.04,0,0,0,0,,0,0,,,,,,,,,,,,,,,302.2,2.0,Excess,,,2024-06-24,Yes,No,302.2,279.3
2024-06-21,UR-VQGA-N3N1,X0MG0DQH9P,B0SF9TAHPG,"SockBrand Over the Calf Mens Dress Socks (3 Pairs) | Cotton Made, Long Socks, Wide Socks | Light Compression Socks for Men in Black, Blue and Grey Colors | Big and Tall Size (US Mens Shoe 12-16)",New,0,0,1,0,0,0,0,USD,0.0,5.0,18.0,23.0,,50.86,0.0,0.0,0.0,SendToFBA,,,,,,4.0,0.075892,cubic feet,Apparel,0.0,US,gl_apparel,480306.0,0,0,0.0,0.0,53.79,0.0,260.92,850.97,1192.53,1,0,0,0,0,,0,0,0,0,,0,0,,,,,,,,,,,,,,,154.0,10.0,Out of stock,13.0,2024-06-24,2024-06-24,Yes,No,154.0,82.3
2024-06-21,GN-TSEP-0CXH,X0S8X9P5PJ,B0CDA0WXFJ,SockBrand Premium Mid-Calf Dress Socks for Men (9 Pairs),New,28,0,0,4,25,0,0,USD,1.0,3.0,8.0,10.0,Low traffic,63.64,0.0,70.42,0.0,AlreadyOnAdvertisedCampaign,,0.0,0.0,0.0,1636.46,0.29,0.174011,cubic feet,Apparel,4.872308,US,gl_apparel,261442.0,366,28,37.0,36.0,74.5,74.53,197.7,476.77,648.97,0,0,0,25,0,3.88,0,0,0,0,,0,0,,,,,,,,,,,,,,,302.2,5.0,Excess,,,2024-06-24,Yes,No,302.2,279.3
2024-06-21,MC-S0GY-0276,X08WFUYERP,B00PABWYJ5,"SockBrand Over the Calf Mens Dress Socks (3 Pairs) | Cotton Made, Long Socks, Wide Socks | Light Compression Socks for Men in American Flag Colors and Patterns | Classic Size (US Mens Shoe 7-11)",New,87,0,87,0,0,0,0,USD,3.0,7.0,13.0,13.0,Low traffic,42.45,0.0,48.16,0.0,Advertise listing,,22.54,2.0,0.0,930.81,0.19,0.069839,cubic feet,Apparel,6.075993,US,gl_apparel,354268.0,366,0,49.0,87.0,44.8,136.3,292.49,587.87,548.23,1,0,86,0,0,4.33,0,0,0,0,,0,0,,,,,,,,,,,,,,,162.0,6.0,Healthy,,,2024-06-24,Yes,No,162.0,100.4
2024-06-22,JD-N5A3-8JNL,X0GYRVTW2R,B0V6RMGHM6,"SockBrand Over the Calf Mens Dress Socks (3 Pairs) | Cotton Made, Long Socks, Wide Socks | Light Compression Socks for Men in Black, Red and Grey Colors | Classic Size (US Mens Shoe 7-11)",New,15,0,0,0,0,1,14,USD,2.0,2.0,10.0,10.0,Low traffic,47.63,0.0,45.6,0.0,AlreadyOnAdvertisedCampaign,,0.0,0.0,0.0,260.03,0.49,0.072561,cubic feet,Apparel,1.088415,US,gl_apparel,455360.0,162,14,30.0,19.0,47.85,92.36,89.79,302.24,305.07,0,0,0,1,0,7.62,0,0,0,0,,0,0,0.0,0.0,0.0,0.0,0.0,0.0,0.0,0.0,0.0,0.0,1.0,0.43,14.0,7.04,188.2,4.0,Excess,,,2024-06-24,Yes,No,127.4,188.2
2024-06-18,WH-77OR-7H40,X086QERN5L,B0995X7I2S,"SockBrand Over the Calf Mens Dress Socks (3 Pairs) | Cotton Made, Long Socks, Wide Socks | Light Compression Socks for Men in Blue and Green Space Themed Designs | Classic Size (US Mens Shoe 7-11)",New,17,0,0,0,1,1,18,USD,3.0,5.0,5.0,6.0,Low traffic,42.55,0.0,21.63,0.0,Advertise listing,,0.0,0.0,0.0,536.23,0.14,0.111246,cubic feet,Apparel,1.891182,US,gl_apparel,376110.0,325,17,13.0,36.0,22.21,68.03,134.54,144.56,183.35,0,0,0,2,0,13.78,0,0,0,0,,0,0,0.0,0.0,0.0,0.0,0.0,0.0,0.0,0.0,1.0,0.65,0.0,0.0,18.0,13.01,188.2,2.0,Excess,,,2024-06-24,Yes,No,127.4,188.2
2024-06-21,VH-IXYU-4X8T,X0CH5E6PT1,B0392FJD8Y,"SockBrand Over the Calf Mens Dress Socks (3 Pairs) | Cotton Made, Long Socks, Wide Socks | Light Compression Socks for Men in Blue, Red, Gray, Brown Stripes | Classic Size (US Mens Shoe 7-11)",New,11,0,11,0,0,0,0,USD,1.0,4.0,10.0,12.0,Low traffic,43.36,0.0,46.01,0.0,SendToFBA,,0.0,0.0,0.0,0.0,1.93,0.079517,cubic feet,Apparel,0.874687,US,gl_apparel,330935.0,90,0,11.0,11.0,44.34,31.58,166.7,396.39,509.27,11,0,0,0,0,0.49,0,0,0,0,,0,0,,,,,,,,,,,,,,,162.0,13.0,Low stock,13.0,2024-07-01,2024-06-24,Yes,No,162.0,100.4
2024-06-22,UO-0Y44-091Z,X05EVG81JM,B0Y7JN3SVD,"SockBrand Over the Calf Mens Dress Socks (9 Pairs) | Cotton Made, Long Socks, Wide Socks | Light Compression Socks for Men in Elegant Striped Patterns | Big and Tall Size (US Mens Shoe 12-16)",,8,0,30,0,0,0,0,USD,0.0,0.0,4.0,11.0,Low traffic,,,101.17,-1.0,Edit listing,,,,,,0.84,0.179443,cubic feet,Apparel,1.435544,US,gl_apparel,,316,0,,9.0,94.71,0.0,0.0,398.22,1037.56,30,0,0,0,0,,0,0,0,0,,22,0,,,,,,,,,,,,,,,101.2,11.0,Healthy,,,2024-06-24,Yes,No,101.2,75.6
2024-06-21,RY-IYDC-2F96,X0981BHVHS,B0OJRCPBXE,"SockBrand Crew Socks for Men (9 Pairs) | 100% Cotton Socks for Men, Short Socks for Men, Mid Calf Socks in Patterns, Argyles and Solids | Big and Tall Size (US Mens Shoe 12-16)",New,12,0,12,0,0,0,0,USD,1.0,2.0,6.0,7.0,Low traffic,83.93,0.0,84.23,0.0,Advertise listing,,0.0,0.0,0.0,538.76,0.9,0.174011,cubic feet,Apparel,2.088132,US,gl_apparel,279592.0,238,12,24.0,22.0,78.3,85.78,157.56,395.36,460.28,12,0,0,0,0,0.82,0,0,0,0,,0,0,,,,,,,,,,,,,,,302.2,2.0,Excess,,,2024-06-24,Yes,No,302.2,279.3
2024-06-21,KN-A2R1-4XFY,X0AQR3M6IA,B0SLOUA2HH,"SockBrand Over the Calf Mens Dress Socks (3 Pairs) | Cotton Made, Long Socks, Wide Socks | Light Compression Socks for Men in Gray, Black, Red, Yellow, Blue | Big and Tall Size (US Mens Shoe 12-16)",New,5,0,0,0,6,0,0,USD,1.0,2.0,3.0,8.0,Low traffic,50.92,0.0,52.46,0.0,Create Outlet deal,,23.0,2.0,0.0,298.08,0.8,0.075892,cubic feet,Apparel,0.37946,US,gl_apparel,312556.0,111,5,10.0,8.0,51.7,50.17,104.44,144.2,373.13,0,0,0,6,0,0.35,0,0,0,0,,0,1,,,,,,,,,,,,,,,135.0,4.0,Excess,2.0,2024-07-01,2024-06-24,Yes,No,90.5,135.0
2024-06-21,RZ-ZQ03-DUXI,X0QG837H56,B0Y6UFX6GL,Blue Toe Over the Calf Mens Dress Socks (3 Pairs) | Double Reinforced Toe and Heel | Light Compression Socks for Men in Brown Color with Bright Blue Toes | Big and Tall Size (US Mens Shoe 12-16),New,17,0,17,0,0,0,0,USD,,,,,Low traffic,35.21,0.0,35.82,0.0,Advertise listing,,0.0,0.0,0.0,504.23,0.0,0.048611,cubic feet,Apparel,0.826387,US,gl_apparel,,999,0,,,32.24,,,,,0,0,17,0,0,0.57,0,0,0,0,,0,0,,,,,,,,,,,,,,,,,,,,,,,,
2024-06-21,TW-7GTH-A7JN,X0K3NGYMKX,B0K67YZ5VY,"SockBrand Over the Calf Mens Dress Socks (9 Pairs) | Cotton Made, Long Socks, Wide Socks | Light Compression Socks for Men in Travel Themed Patterns | Classic Size (US Mens Shoe 7-11)",New,23,0,23,0,0,0,0,USD,0.0,3.0,7.0,7.0,Low traffic,94.36,0.0,98.24,0.0,Advertise listing,,45.89,2.0,0.0,5803.44,0.36,0.181043,cubic feet,Apparel,4.163989,US,gl_apparel,564621.0,366,0,30.0,42.0,95.16,0.0,273.45,670.6,654.07,0,0,23,0,0,11.03,0,0,0,0,,0,0,,,,,,,,,,,,,,,176.2,3.0,Healthy,,,2024-06-24,Yes,No,176.2,131.6
2024-06-19,HB-N38P-NXR2,X0XABTDD78,B0JMAMD025,"SockBrand Over the Calf Mens Dress Socks (9 Pairs) | Cotton Made, Long Socks, Wide Socks | Light Compression Socks for Men in Patterns, Stripes and Solids | Classic Size (US Mens Shoe 7-11)",New,28,0,28,0,0,0,0,USD,0.0,1.0,2.0,7.0,Low traffic,86.72,0.0,94.58,0.0,Advertise listing,,41.42,2.0,0.0,3869.3,0.66,0.183563,cubic feet,Other,5.139764,US,gl_apparel,643011.0,366,0,112.0,52.0,90.2,0.0,85.28,180.89,580.61,0,28,0,0,0,7.14,0,0,0,0,,0,0,,,,,,,,,,,,,,,151.8,,,,,2024-06-24,Yes,No,151.8,119.8
2024-06-22,PG-XJ2J-JLD5,X0Z7Y7ANNM,B0E4B7H2BS,"SockBrand Over the Calf Mens Dress Socks (3 Pairs) | Cotton Made, Long Socks, Wide Socks | Light Compression Socks for Men in Music Themed Designs | Classic Size (US Mens Shoe 7-11)",New,16,0,0,0,0,3,13,USD,1.0,2.0,4.0,6.0,Low traffic,48.06,0.0,43.09,0.0,AlreadyOnAdvertisedCampaign,,0.0,0.0,0.0,502.08,0.32,0.060785,cubic feet,Apparel,0.97256,US,gl_apparel,451540.0,326,16,32.0,34.0,44.99,41.57,85.41,181.44,273.17,0,0,0,1,2,7.81,0,0,0,0,,0,0,0.0,0.0,0.0,0.0,0.0,0.0,0.0,0.0,0.0,0.0,1.0,0.37,15.0,5.99,188.2,2.0,Excess,,,2024-06-24,Yes,No,127.4,188.2
2024-06-18,DO-Y58S-CQTR,X0JL087OVI,B0C5ICA6RT,"SockBrand Over the Calf Mens Dress Socks (9 Pairs) | Cotton Made, Long Socks, Wide Socks | Light Compression Socks for Men in Outer Space and Music Themes | Classic Size (US Mens Shoe 7-11)",New,25,0,25,0,0,0,0,USD,2.0,5.0,5.0,7.0,Low traffic,86.72,0.0,92.39,0.0,Advertise listing,,0.0,0.0,0.0,2262.66,0.5,0.172795,cubic feet,Apparel,4.319875,US,gl_apparel,702674.0,366,0,20.0,46.0,91.37,166.68,433.57,424.77,638.34,0,25,0,0,0,7.05,0,0,0,0,,0,0,,,,,,,,,,,,,,,151.8,3.0,Healthy,,,2024-06-24,Yes,No,151.8,119.8
2024-06-21,BN-E6ZR-X3RB,X0L6TDR2YE,B02WJCFPJ8,"SockBrand Over the Calf Mens Dress Socks (3 Pairs) | Cotton Made, Long Socks, Wide Socks | Light Compression Socks for Men in Elegant Striped Patterns | Big and Tall Size (US Mens Shoe 12-16)",New,10,0,1,0,0,10,0,USD,0.0,3.0,4.0,4.0,Low traffic,47.91,0.0,46.76,0.0,Create Outlet deal,,23.8,2.0,0.0,502.52,0.28,0.089334,cubic feet,Apparel,0.89334,US,gl_apparel,299863.0,149,10,13.0,32.0,53.48,0.0,150.36,193.56,210.48,0,1,0,10,0,5.67,0,0,0,0,,0,0,0.0,0.0,0.0,0.0,0.0,0.0,0.0,0.0,0.0,0.0,10.0,5.42,0.0,0.0,135.0,2.0,Excess,,,2024-06-24,Yes,No,90.5,135.0
2024-06-19,DQ-57XK-6R7I,X0NLHI4T2O,B0HK2R5ZFJ,"SockBrand Over the Calf Mens Dress Socks (3 Pairs) | Cotton Made, Long Socks, Wide Socks | Light Compression Socks for Men in Blue, Orange, Grey, Pink Argyles | Classic Size (US Mens Shoe 7-11)",New,9,0,0,0,1,1,7,USD,0.0,1.0,11.0,11.0,Low traffic,44.11,0.0,47.28,0.0,AlreadyOnAdvertisedCampaign,,0.0,0.0,0.0,391.76,0.75,0.073774,cubic feet,Apparel,0.663966,US,gl_apparel,390194.0,200,9,36.0,10.0,44.38,0.0,44.98,251.65,272.56,0,0,0,1,1,4.54,0,0,0,0,,0,0,0.0,0.0,0.0,0.0,0.0,0.0,0.0,0.0,0.0,0.0,0.0,0.0,8.0,4.18,188.2,4.0,Excess,,,2024-06-24,Yes,No,127.4,188.2
2024-06-21,SQ-PWSD-WVG7,X04AMGJ0G5,B086LYPP3F,Blue Toe Over the Calf Mens Dress Socks (3 Pairs) | Double Reinforced Toe and Heel | Light Compression Socks for Men in Black and Bright Blue Toes and Heels | Big and Tall Size (US Mens Shoe 12-16),New,11,0,5,6,0,0,0,USD,,,,,Low traffic,46.75,0.0,45.86,0.0,Advertise listing,,0.0,0.0,0.0,406.72,0.0,0.048611,cubic feet,Apparel,0.534721,US,gl_apparel,,999,0,,,43.15,,,,,0,0,5,0,0,0.38,0,0,0,0,,0,0,,,,,,,,,,,,,,,,,,,,,,,,
2024-06-19,YH-ART8-YTOI,X0U5ACB9QC,B0A03F16YK,"SockBrand Over the Calf Mens Dress Socks (3 Pairs) | Cotton Made, Long Socks, Wide Socks | Light Compression Socks for Men in Elegant Multicolor Stripes | Big and Tall Size (US Mens Shoe 12-16)",New,7,0,0,1,7,0,0,USD,0.0,0.0,1.0,2.0,Low traffic,49.29,0.0,46.0,0.0,Create Outlet deal,,25.8,2.0,0.0,365.82,0.24,0.072074,cubic feet,Apparel,0.504518,US,gl_apparel,455864.0,167,7,,45.0,47.44,0.0,0.0,52.46,103.78,0,0,0,7,0,0.42,0,0,0,0,,0,0,,,,,,,,,,,,,,,188.2,1.0,Excess,,,2024-06-24,Yes,No,127.4,188.2
2024-06-22,KI-XW7J-W0PE,X0KMJLIIPE,B0GEVNF21U,"SockBrand Over the Calf Mens Dress Socks (3 Pairs) | Cotton Made, Long Socks, Wide Socks | Light Compression Socks for Men in Yellow, Pink, Burgundy Polka Dots | Big and Tall Size (US M Shoe 12-16)",New,3,0,2,0,3,0,0,USD,2.0,3.0,7.0,9.0,Low traffic,51.87,0.0,48.64,0.0,Create Outlet deal,,22.99,2.0,0.0,231.33,1.11,0.067897,cubic feet,Apparel,0.203691,US,gl_apparel,416913.0,99,5,4.0,4.0,49.12,100.02,142.14,303.87,376.03,2,0,0,3,0,0.26,0,0,0,0,,2,0,,,,,,,,,,,,,,,188.2,2.0,Excess,,,2024-06-24,Yes,No,127.4,188.2
2024-06-21,DA-POUS-DZAH,X0V3GWYLNF,B0XKHR40BZ,"SockBrand Over the Calf Mens Dress Socks (3 Pairs) | Cotton Made, Long Socks, Wide Socks | Light Compression Socks for Men | Bikes, Elephants, and Flamingos | Classic Size (US Mens Shoe 7-11)",New,4,0,8,0,5,0,0,USD,1.0,6.0,9.0,13.0,Low traffic,47.79,0.0,46.01,0.0,Create Outlet deal,,23.83,2.0,0.0,430.2,0.87,0.072207,cubic feet,Apparel,0.288828,US,gl_apparel,334205.0,124,12,2.0,4.0,46.39,47.24,281.0,431.76,591.08,8,0,0,5,0,0.7,0,0,0,0,,8,0,,,,,,,,,,,,,,,135.0,8.0,Excess,3.0,2024-07-01,2024-06-24,Yes,No,90.5,135.0
2024-06-21,XU-CKXP-CNT0,X0W91HPSK8,B0BOAMRVZP,Blue Toe Over the Calf Mens Dress Socks (3 Pairs) | Double Reinforced Toe and Heel | Light Compression Socks for Men in Brown with Bright Blue Toes and Heels | Classic Size (US Mens Shoe 7-11),New,15,0,15,0,0,0,0,USD,,,,,Low traffic,48.55,0.0,46.29,0.0,Advertise listing,,0.0,0.0,0.0,545.99,0.0,0.048611,cubic feet,Apparel,0.729165,US,gl_apparel,,999,0,,,42.47,,,,,0,0,15,0,0,0.51,0,0,0,0,,0,0,,,,,,,,,,,,,,,,,,,,,,,,
2024-06-21,FV-GY41-EBIB,X05QI1SZ58,B0U17I0502,"SockBrand Over the Calf Mens Dress Socks (9 Pairs) | Cotton Made, Long Socks, Wide Socks | Light Compression Socks for Men in Black and Gray Solids | Classic Size (US Mens Shoe 7-11)",New,32,0,0,1,0,31,0,USD,0.0,5.0,5.0,6.0,Low traffic,105.78,0.0,108.51,0.0,Create Outlet deal,,47.72,2.0,0.0,3319.51,0.17,0.092426,cubic feet,Apparel,2.957632,US,gl_apparel,473545.0,366,32,25.0,69.0,102.03,0.0,453.23,421.52,483.58,0,0,0,31,0,25.8,0,0,0,0,,0,0,0.0,0.0,0.0,0.0,0.0,0.0,0.0,0.0,1.0,0.5,30.0,17.31,0.0,0.0,154.0,2.0,Excess,,,2024-06-24,Yes,No,154.0,82.3
2024-06-19,IS-7ZTF-8RT7,X02HTZG9J4,B0NM4YO6UA,"SockBrand Over the Calf Mens Dress Socks (3 Pairs) | Cotton Made, Long Socks, Wide Socks | Light Compression Socks for Men | Shamrocks, Martini, Birds Designs | Classic Size (US Mens Shoe 7-11)",New,9,0,4,0,7,0,0,USD,3.0,4.0,8.0,20.0,Low traffic,47.53,0.0,48.0,0.0,SendToFBA,,23.31,2.0,0.0,55.07,1.1,0.081235,cubic feet,Apparel,0.731115,US,gl_apparel,338302.0,72,0,9.0,5.0,42.18,140.0,179.49,319.8,721.1,0,4,0,7,0,0.66,0,0,0,0,,1,0,,,,,,,,,,,,,,,135.0,14.0,Low stock,13.0,2024-07-02,2024-06-24,Yes,No,90.5,135.0
2024-06-21,LX-KUB0-MAH2,X0ADADCC07,B08L0EG952,SockBrand Over the Calf Socks for Men (3 pairs) | Cotton Over the Calf Dress Socks | Long Socks Stay up 12+ hours,,9,0,10,0,0,0,0,USD,0.0,0.0,0.0,2.0,Low traffic,,,46.95,-1.0,Edit listing,,,,,,0.67,0.061049,cubic feet,Apparel,0.549441,US,gl_apparel,,158,0,,58.0,49.18,0.0,0.0,0.0,105.89,10,0,0,0,0,,0,0,0,0,,0,0,,,,,,,,,,,,,,,162.0,2.0,Healthy,,,2024-06-24,Yes,No,162.0,100.4
2024-06-21,VE-TH09-MTEQ,X0232GNBGH,B0ALZWJEDA,SockBrand Over the Calf Socks for Men (9 pairs) | Cotton Over the Calf Dress Socks | Long Socks Stays up12+ hr| Double Comfort Elastic Casual Socks | Multi Fashion Pattern Socks | Size 7-11 |12-16,,6,0,10,0,0,0,0,USD,0.0,0.0,0.0,0.0,Low traffic,,,117.75,-1.0,Edit listing,,,,,,0.0,0.163263,cubic feet,Apparel,0.979578,US,gl_apparel,655042.0,81,0,,,98.0,0.0,0.0,0.0,0.0,10,0,0,0,0,,0,0,0,0,,2,0,,,,,,,,,,,,,,,101.2,1.0,Healthy,,,2024-06-24,Yes,No,101.2,75.6
2024-06-21,BM-33D6-E9EY,X0Q7MYXLBH,B0O5CJE9EP,"SockBrand Over the Calf Mens Dress Socks (3 Pairs) | Cotton Made, Long Socks, Wide Socks | Light Compression Socks for Men in Black, Red and Grey Colors | Big and Tall Size (US Mens Shoe 12-16)",New,5,0,0,0,0,1,4,USD,1.0,1.0,1.0,1.0,Low traffic,49.36,0.0,47.63,0.0,Create Outlet deal,,24.43,2.0,0.0,182.57,0.17,0.031257,cubic feet,Apparel,0.156285,US,gl_apparel,4037867.0,127,5,20.0,65.0,50.82,47.05,50.73,46.59,46.15,0,0,0,0,1,1.21,0,0,0,0,,0,0,0.0,0.0,0.0,0.0,0.0,0.0,0.0,0.0,0.0,0.0,1.0,0.17,4.0,0.82,535.0,2.0,Excess,,,2024-06-24,Yes,No,175.0,535.0
2024-06-19,CU-SD4X-T823,X0HSLXWD4O,B0U00PZP4M,"SockBrand Over the Calf Mens Dress Socks (3 Pairs) | Cotton Made, Long Socks, Wide Socks | Light Compression Socks for Men in Black Colors | Classic Size (US Mens Shoe 7-11)",New,34,0,1,0,0,33,0,USD,0.0,0.0,4.0,8.0,Low traffic,43.39,0.0,47.35,0.0,Create Outlet deal,,23.88,2.0,0.0,1059.73,0.22,0.098939,cubic feet,Apparel,3.363926,US,gl_apparel,493985.0,366,34,,55.0,46.32,0.0,0.0,142.97,207.98,0,1,0,33,0,20.65,0,0,0,0,,0,0,0.0,0.0,0.0,0.0,0.0,0.0,0.0,0.0,0.0,0.0,33.0,18.76,0.0,0.0,154.0,3.0,Excess,,,2024-06-24,Yes,No,154.0,82.3
2024-06-21,OH-9B5E-X9Z9,X0HBRE1HGP,B0HEKZ3ROL,"SockBrand Over the Calf Mens Dress Socks (3 Pairs) | Cotton Made, Long Socks, Wide Socks | Light Compression Socks for Men in Sea Themed Blue, Grey Colors | Big and Tall Size (US Mens Shoe 12-16)",New,17,0,0,18,0,0,0,USD,1.0,4.0,6.0,8.0,Low traffic,52.94,0.0,46.29,0.0,Advertise listing,,25.15,2.0,0.0,622.89,0.34,0.077011,cubic feet,Apparel,1.309187,US,gl_apparel,289278.0,217,0,17.0,27.0,52.43,47.18,209.39,297.62,396.85,0,0,0,0,0,0.94,0,0,0,0,,0,1,,,,,,,,,,,,,,,135.0,,,,,2024-06-24,Yes,No,90.5,135.0
2024-06-19,ND-4MS5-TVFD,X0C64CI31T,B0BVUBXCJT,"SockBrand Over the Calf Mens Dress Socks (9 Pairs) | Cotton Made, Long Socks, Wide Socks | Light Compression Socks for Men Blue, Burgundy, and Green Stripes | Big and Tall Size (US Mens 12-16)",New,20,0,20,0,0,0,0,USD,2.0,5.0,10.0,10.0,Low traffic,107.69,0.0,99.46,0.0,Advertise listing,,48.32,2.0,0.0,697.46,0.55,0.163239,cubic feet,Apparel,3.26478,US,gl_apparel,578728.0,237,0,16.0,26.0,104.47,203.21,527.35,1004.22,957.23,0,20,0,0,0,5.86,0,0,0,0,,0,0,,,,,,,,,,,,,,,176.2,7.0,Healthy,,,2024-06-24,Yes,No,176.2,131.6
2024-06-18,IA-T5VO-D239,X0YPVW08SE,B0Q0PAX44S,"SockBrand Crew Socks for Men (9 Pairs) | 100% Cotton Socks for Men, Short Socks for Men, Mid Calf Socks in Various Striped Patterns | Big and Tall Size (US Mens Shoe 12-16)",New,25,0,0,0,0,26,0,USD,0.0,1.0,1.0,1.0,Low traffic,57.89,0.0,79.81,0.0,Advertise listing,,0.0,0.0,0.0,2049.26,0.04,0.174011,cubic feet,Apparel,4.350275,US,gl_apparel,296025.0,999,26,100.0,325.0,84.75,0.0,88.16,90.7,94.05,0,0,0,26,0,29.26,0,0,0,0,,1,0,0.0,0.0,0.0,0.0,0.0,0.0,0.0,0.0,0.0,0.0,26.0,26.37,0.0,0.0,302.2,,Excess,,,2024-06-24,Yes,No,302.2,279.3
2024-06-21,RB-M9GU-SX01,X019T7112V,B0GWUF3Q78,"SockBrand Over the Calf Mens Dress Socks (9 Pairs) | Cotton Made, Long Socks, Wide Socks | Light Compression Socks for Men in Patterns, Argyles and Solids | Classic Size (US Mens Shoe 7-11)",New,7,0,7,0,0,0,0,USD,0.0,6.0,15.0,25.0,Low traffic,96.2,0.0,92.63,0.0,SendToFBA,,0.0,0.0,0.0,0.0,2.21,0.174387,cubic feet,Apparel,1.220709,US,gl_apparel,606821.0,37,0,4.0,3.0,87.98,0.0,519.83,1377.91,2065.76,2,3,2,0,0,0.7,0,0,0,0,,0,0,,,,,,,,,,,,,,,101.2,21.0,Low stock,31.0,2024-07-01,2024-06-24,Yes,No,101.2,75.6
2024-06-22,ED-W3XF-VIZX,X0DE5XGI5E,B0WH6LNJSO,"SockBrand Over the Calf Mens Dress Socks (3 Pairs) | Cotton Made, Long Socks, Wide Socks | Light Compression Socks for Men in Formal Office Striped Patterns | Classic Size (US Mens Shoe 7-11)",New,9,0,0,0,9,0,0,USD,3.0,5.0,11.0,12.0,Low traffic,45.98,24.43,25.0,0.0,SendToFBA,,23.82,2.0,0.0,2.8,0.76,0.078493,cubic feet,Apparel,0.706437,US,gl_apparel,428468.0,81,0,7.0,9.0,26.13,70.5,120.96,288.65,284.81,0,0,0,9,0,0.42,0,0,0,0,,0,0,,,,,,,,,,,,,,,188.2,6.0,Healthy,11.0,2024-06-30,2024-06-24,Yes,No,127.4,188.2
2024-06-22,FC-UYIT-M2DX,X0V1KANY5V,B0KULE8NGX,Blue Toe Over the Calf Mens Dress Socks (3 Pairs) | Double Reinforced Toe and Heel | Light Compression Socks for Men in Dark Blue Color | Big and Tall Size (US Mens Shoe 12-16),New,21,0,21,0,0,0,0,USD,,,,,Low traffic,35.18,0.0,37.71,0.0,Advertise listing,,0.0,0.0,0.0,558.51,0.0,0.048611,cubic feet,Apparel,1.020831,US,gl_apparel,,366,0,,,33.63,,,,,0,0,21,0,0,0.67,0,0,0,0,,0,0,,,,,,,,,,,,,,,,,,,,,,,,
2024-06-21,NQ-GON7-4SY6,X0CHSJEF2M,B0QBTAK8AO,"SockBrand Over the Calf Mens Dress Socks (9 Pairs) | Cotton Made, Long Socks, Wide Socks | Light Compression Socks for Men | 6 Pairs Black + 3 Pairs Gray Socks | Big and Tall Size (US Mens 12-16)",New,20,0,21,0,0,0,0,USD,0.0,3.0,8.0,8.0,Low traffic,99.74,0.0,112.17,0.0,Advertise listing,,48.53,2.0,0.0,2106.83,0.44,0.126243,cubic feet,Apparel,2.52486,US,gl_apparel,468633.0,258,0,26.0,32.0,104.95,0.0,294.77,859.78,853.46,0,0,21,0,0,4.32,0,0,0,0,,0,0,,,,,,,,,,,,,,,154.0,5.0,Healthy,,,2024-06-24,Yes,No,154.0,82.3
2024-06-21,WI-9LWA-DDX8,X048MYHKHS,B00WU3FL15,"SockBrand Over the Calf Mens Dress Socks (3 Pairs) | Cotton Made, Long Socks, Wide Socks | Light Compression Socks for Men in Brown Colors | Classic Size (US Mens Shoe 7-11)",New,4,0,2,0,8,0,0,USD,0.0,2.0,7.0,12.0,Low traffic,48.5,0.0,21.38,0.0,SendToFBA,,0.0,0.0,0.0,150.41,0.93,0.098939,cubic feet,Apparel,0.395756,US,gl_apparel,500500.0,20,0,8.0,4.0,21.56,0.0,92.43,294.39,569.27,2,0,0,8,0,0.66,0,0,0,0,,3,0,,,,,,,,,,,,,,,154.0,6.0,Low stock,7.0,2024-07-02,2024-06-24,Yes,No,154.0,82.3
2024-06-21,EC-9R1S-DAVA,X0D3ZEKJ76,B054MYZ0KS,"SockBrand Crew Socks for Men (9 Pairs) | 100% Cotton Socks for Men, Short Socks for Men, Mid Calf Socks in Patterns, Argyles and Solids | Classic Size (US Mens Shoe 7-11)",New,5,0,0,0,5,0,0,USD,0.0,0.0,4.0,8.0,Low traffic,96.93,0.0,69.24,0.0,Advertise listing,,0.0,0.0,0.0,417.0,0.91,0.174011,cubic feet,Apparel,0.870055,US,gl_apparel,267437.0,127,5,,8.0,73.25,0.0,0.0,247.9,517.86,0,0,0,5,0,0.62,0,0,0,0,,0,0,,,,,,,,,,,,,,,302.2,3.0,Excess,,,2024-06-24,Yes,No,302.2,279.3
2024-06-21,RJ-QCW1-2TKY,X0HW1SK4A7,B0Q6OQKIW3,"SockBrand Over the Calf Mens Dress Socks (3 Pairs) | Cotton Made, Long Socks, Wide Socks | Light Compression Socks for Men in Blue, Brown and Grey Colors | Big and Tall Size (US Mens Shoe 12-16)",,13,0,23,0,0,0,0,USD,0.0,0.0,4.0,6.0,Low traffic,,,49.35,-1.0,Edit listing,,,,,,0.73,0.092618,cubic feet,Apparel,1.204034,US,gl_apparel,349574.0,351,0,,28.0,52.74,0.0,0.0,187.36,273.72,23,0,0,0,0,,0,0,0,0,,10,0,,,,,,,,,,,,,,,162.0,4.0,Healthy,,,2024-06-24,Yes,No,162.0,100.4
2024-06-19,MB-GFT3-Z0JH,X01WJDOSUG,B00KA1UXJZ,"SockBrand Over the Calf Mens Dress Socks (9 Pairs) | Cotton Made, Long Socks, Wide Socks | Light Compression Socks for Men in Green, Blue, Grey Striped Designs | Big and Tall Size (US Mens 12-16)",New,23,0,23,0,0,0,0,USD,0.0,1.0,8.0,8.0,Low traffic,93.21,0.0,99.03,0.0,Advertise listing,,47.05,2.0,0.0,2490.74,0.42,0.163239,cubic feet,Apparel,3.754497,US,gl_apparel,657098.0,366,0,92.0,37.0,94.06,0.0,102.65,735.33,791.33,1,22,0,0,0,6.32,0,0,0,0,,0,0,,,,,,,,,,,,,,,176.2,4.0,Healthy,,,2024-06-24,Yes,No,176.2,131.6
2024-06-21,GS-0ZNF-U71V,X0NFASRVPX,B0YI7O8IHI,"SockBrand Over the Calf Mens Dress Socks (3 Pairs) | Cotton Made, Long Socks, Wide Socks | Light Compression Socks for Men in Blue, Orange, Grey, Pink Argyles | Big and Tall Size (US M Shoe 12-16)",New,1,0,0,0,1,0,1,USD,5.0,5.0,5.0,5.0,Low traffic,50.83,0.0,26.45,0.0,SendToFBA,,0.0,0.0,0.0,33.09,0.8,0.077011,cubic feet,Apparel,0.077011,US,gl_apparel,416555.0,14,0,0.0,2.0,23.48,116.02,125.51,117.47,119.97,0,0,0,1,0,0.49,0,0,0,0,,0,0,0.0,0.0,0.0,0.0,0.0,0.0,1.0,0.45,0.0,0.0,0.0,0.0,1.0,0.5,188.2,2.0,Low stock,25.0,2024-06-30,2024-06-24,Yes,No,127.4,188.2
2024-06-21,OS-CHKO-GE17,X07OVSRADU,B0CC4APMVS,"SockBrand Over the Calf Mens Dress Socks (9 Pairs) | Cotton Made, Long Socks, Wide Socks | Light Compression Socks for Men in Argyles, Stripes, and Patterns | Big and Tall Size (US Mens Shoe 12-16)",New,11,0,6,0,7,0,0,USD,1.0,10.0,14.0,24.0,Low traffic,102.35,0.0,108.13,0.0,SendToFBA,,0.0,0.0,0.0,0.0,1.16,0.340083,cubic feet,Apparel,3.740913,US,gl_apparel,623277.0,83,0,4.0,5.0,108.22,117.16,975.4,1428.88,2226.45,6,0,0,7,0,3.02,0,0,0,0,,1,0,,,,,,,,,,,,,,,101.2,14.0,Low stock,10.0,2024-07-02,2024-06-24,Yes,No,101.2,75.6
2024-06-21,RC-Z8GP-RZCJ,X0VNMDYXEF,B07FY3FMD6,"SockBrand Over the Calf Mens Dress Socks (3 Pairs) | Cotton Made, Long Socks, Wide Socks | Light Compression Socks for Men in Stripes and Elegant Designs | Classic Size (US Mens Shoe 7-11)",New,20,0,12,1,10,0,0,USD,1.0,1.0,6.0,18.0,Low traffic,45.26,0.0,48.17,0.0,Create Outlet deal,,23.79,2.0,0.0,299.03,0.87,0.081235,cubic feet,Apparel,1.6247,US,gl_apparel,348071.0,154,4,80.0,14.0,43.56,42.49,45.57,162.04,514.26,12,0,0,10,0,1.32,0,0,0,0,,1,0,,,,,,,,,,,,,,,162.0,11.0,Excess,,,2024-06-24,Yes,No,162.0,100.4
2024-06-22,EO-TAVP-S9WB,X0IKU2U2LN,B0S4FMFNNF,"SockBrand Over the Calf Mens Dress Socks (9 Pairs) | Cotton Made, Long Socks, Wide Socks | Light Compression Socks for Men in Argyles, Stripes, and Fun Patterns | Classic Size (US Mens Shoe 7-11)",New,6,0,10,0,0,0,0,USD,2.0,18.0,21.0,39.0,Low traffic,93.51,0.0,99.78,0.0,SendToFBA,,0.0,0.0,0.0,0.0,2.08,0.174387,cubic feet,Other,1.046322,US,gl_apparel,622485.0,20,0,1.0,2.0,117.54,200.66,1557.08,2016.76,3529.0,2,8,0,0,0,0.83,0,0,0,0,,4,0,,,,,,,,,,,,,,,101.2,14.0,Low stock,22.0,2024-07-01,2024-06-24,Yes,No,101.2,75.6
2024-06-22,EN-3O1J-F35W,X0Y46ZGVDG,B08YRGWOCA,"SockBrand Over the Calf Mens Dress Socks (3 Pairs) | Cotton Made, Long Socks, Wide Socks | Light Compression Socks for Men in Dark Blue, Navy Blue and Sky Blue | Classic Size (US Mens Shoe 7-11)",,0,0,25,0,0,0,0,USD,0.0,0.0,5.0,18.0,Low traffic,,,49.71,-1.0,SendToFBA,,,,,,1.5,0.184071,cubic feet,Apparel,0.0,US,gl_apparel,477675.0,0,0,,0.0,53.69,0.0,0.0,241.95,928.18,25,0,0,0,0,,0,0,0,0,,25,0,,,,,,,,,,,,,,,154.0,3.0,Out of stock,2.0,2024-06-23,2024-06-24,Yes,No,154.0,82.3
2024-06-21,CJ-Y2XM-JU5C,X0PWHPKD63,B0EC2UZV0G,"SockBrand Over the Calf Mens Dress Socks (9 Pairs) | Cotton Made, Long Socks, Wide Socks | Light Compression Socks for Men in Space and Music Themed Designs | Big and Tall Size (US Mens 12-16)",New,20,0,21,0,0,0,0,USD,0.0,5.0,10.0,10.0,Low traffic,92.72,0.0,101.85,0.0,Advertise listing,,52.35,2.0,0.0,1502.4,0.53,0.172795,cubic feet,Apparel,3.4559,US,gl_apparel,626356.0,366,0,16.0,26.0,98.56,0.0,514.67,1028.69,920.93,1,0,20,0,0,6.41,0,0,0,0,,1,0,,,,,,,,,,,,,,,101.2,8.0,Healthy,,,2024-06-24,Yes,No,101.2,75.6
2024-06-22,GF-09K3-SAPG,X02F37CIKH,B0O2SCQC62,"SockBrand Over the Calf Mens Dress Socks (3 Pairs) | Cotton Made, Long Socks, Wide Socks | Light Compression Socks for Men in Black, Blue and Grey Striped Colors | Classic Size (US Mens Shoe 7-11)",New,27,0,27,0,0,0,0,USD,2.0,3.0,5.0,5.0,Low traffic,48.11,0.0,45.14,0.0,Advertise listing,,23.1,2.0,0.0,645.43,0.27,0.069398,cubic feet,Apparel,1.873746,US,gl_apparel,323262.0,366,0,36.0,70.0,47.69,85.86,140.78,221.63,200.0,0,0,27,0,0,1.38,0,0,0,0,,0,0,,,,,,,,,,,,,,,135.0,2.0,Healthy,,,2024-06-24,Yes,No,90.5,135.0
2024-06-22,RK-9ORK-8BL8,X0U0V6V0Q0,B0FCPVUEK1,"SockBrand Over the Calf Mens Dress Socks (9 Pairs) | Cotton Made, Long Socks, Wide Socks | Light Compression Socks for Men | Polka Dots, Stripes, Sea Patterns | Big and Tall Size (US Mens 12-16)",New,16,0,16,0,0,0,0,USD,1.0,4.0,5.0,14.0,Low traffic,100.92,0.0,107.82,0.0,Create Outlet deal,,52.49,2.0,0.0,452.82,1.17,0.350398,cubic feet,Apparel,5.606368,US,gl_apparel,592444.0,154,8,16.0,14.0,105.4,99.56,391.29,490.11,1296.21,4,12,0,0,0,4.32,0,0,0,0,,0,0,,,,,,,,,,,,,,,101.2,10.0,Excess,3.0,2024-07-01,2024-06-24,Yes,No,101.2,75.6
2024-06-21,OV-U2YP-H3VC,X0FQJNNCSH,B0SQWFL4DC,"SockBrand Crew Socks for Men (9 Pairs) | 100% Cotton Socks for Men, Short Socks for Men, Mid Calf Socks in Patterns, Stripes and Solids | Big and Tall Size (US Mens Shoe 12-16)",New,28,0,0,0,0,28,0,USD,0.0,3.0,5.0,5.0,Low traffic,55.66,0.0,78.52,0.0,Advertise listing,,0.0,0.0,0.0,1981.82,0.16,0.126243,cubic feet,Apparel,3.534804,US,gl_apparel,276450.0,366,28,37.0,72.0,85.87,0.0,234.18,324.16,318.16,0,0,0,28,0,23.11,0,0,0,0,,0,0,0.0,0.0,0.0,0.0,0.0,0.0,0.0,0.0,0.0,0.0,28.0,20.23,0.0,0.0,302.2,1.0,Excess,,,2024-06-24,Yes,No,302.2,279.3
2024-06-21,PV-Y9MZ-70MH,X0STP5TY7P,B0WQ1ZP6LI,"SockBrand Over the Calf Mens Dress Socks (9 Pairs) | Cotton Made, Long Socks, Wide Socks | Light Compression Socks for Men in Travel Themed Designs | Big and Tall Size (US Mens 12-16)",New,25,0,25,0,0,0,0,USD,0.0,3.0,5.0,5.0,Low traffic,107.88,0.0,101.09,0.0,Advertise listing,,51.42,2.0,0.0,1615.87,0.24,0.163239,cubic feet,Apparel,4.080975,US,gl_apparel,657900.0,366,0,33.0,65.0,111.84,0.0,320.83,490.85,499.73,0,0,25,0,0,2.75,0,0,0,0,,0,0,,,,,,,,,,,,,,,151.8,3.0,Healthy,,,2024-06-24,Yes,No,151.8,119.8
2024-06-21,US-8GHN-ESB0,X05OAIIXGX,B0SRELWBRX,"SockBrand Over the Calf Mens Dress Socks (3 Pairs) | Cotton Made, Long Socks, Wide Socks | Light Compression Socks for Men in Navy Blue Color | Classic Size (US Mens Shoe 7-11)",New,32,0,33,0,0,0,0,USD,1.0,6.0,25.0,38.0,Low traffic,41.62,0.0,47.76,0.0,Create Outlet deal,,23.93,2.0,0.0,252.35,1.58,0.066836,cubic feet,Apparel,2.138752,US,gl_apparel,456365.0,254,10,21.0,10.0,43.43,42.56,276.89,893.6,1342.58,32,1,0,0,0,1.59,0,0,0,0,,0,0,,,,,,,,,,,,,,,154.0,16.0,Excess,,,2024-06-24,Yes,No,154.0,82.3
2024-06-21,ER-H2BV-8BTV,X0LX6XZVUR,B02UHB2V43,"SockBrand Over the Calf Mens Dress Socks (9 Pairs) | Cotton Made, Long Socks, Wide Socks | Light Compression Socks for Men in Patterns, Argyles and Solids | Big and Tall Size (US Mens Shoe 12-16)",New,33,0,10,27,0,0,0,USD,1.0,9.0,18.0,27.0,Low traffic,94.17,0.0,96.8,0.0,Advertise listing,,0.0,0.0,0.0,1.48,0.53,0.178635,cubic feet,Apparel,5.894955,US,gl_apparel,690638.0,171,0,14.0,15.0,90.96,87.12,844.19,1722.89,2317.45,1,0,9,0,0,7.68,0,0,0,0,,0,0,,,,,,,,,,,,,,,101.2,7.0,Healthy,,,2024-06-24,Yes,No,101.2,75.6
2024-06-22,GO-IEHR-BHYG,X01OO30ALL,B0LTQYRVPV,"SockBrand Over the Calf Mens Dress Socks (9 Pairs) | Cotton Made, Long Socks, Wide Socks | Light Compression Socks for Men | Polka Dots, Stripes, and Sea Patterns | Classic Size (US Mens Shoe 7-11)",,0,0,8,0,0,0,0,USD,0.0,0.0,8.0,12.0,Low traffic,,,96.91,-1.0,Edit listing,,,,,,1.71,0.174387,cubic feet,Apparel,0.0,US,gl_apparel,,323,0,,32.0,95.37,0.0,0.0,764.35,1112.13,8,0,0,0,0,,30,0,30,0,,8,0,,,,,,,,,,,,,,,176.2,12.0,Low stock,,,2024-06-24,Yes,No,176.2,131.6
2024-06-21,SQ-1ZF7-XU73,X0JERQWO20,B0C6OHXY7V,Blue Toe Over the Calf Mens Dress Socks (3 Pairs) | Double Reinforced Toe and Heel | Light Compression Socks for Men in Dark Blue Color | Big and Tall Size (US Mens Shoe 12-16),New,22,0,22,0,0,0,0,USD,,,,,Low traffic,49.63,0.0,50.63,0.0,Advertise listing,,0.0,0.0,0.0,796.86,0.0,0.048611,cubic feet,Apparel,1.069442,US,gl_apparel,,366,0,,,46.83,,,,,0,3,19,0,0,0.76,0,0,0,0,,0,0,,,,,,,,,,,,,,,,,,,,,,,,
2024-06-21,NT-N8FL-90V3,X07B38SS6L,B0EOXGGUUF,"SockBrand Over the Calf Mens Dress Socks (3 Pairs) | Cotton Made, Long Socks, Wide Socks | Light Compression Socks for Men in Black, Blue and Grey Colors | Classic Size (US Mens Shoe 7-11)",,10,0,11,0,0,0,0,USD,0.0,5.0,55.0,60.0,Low traffic,,,47.57,-1.0,Edit listing,,0.0,0.0,0.0,0.0,1.97,0.092426,cubic feet,Apparel,0.92426,US,gl_apparel,443093.0,49,0,8.0,2.0,43.62,0.0,195.1,1423.81,1697.85,11,0,0,0,0,0.65,0,0,0,0,,0,0,,,,,,,,,,,,,,,154.0,,,,,2024-06-24,Yes,No,154.0,82.3
2024-06-19,VC-5XOL-CK43,X03Q40RFKW,B0P6040F54,"SockBrand Over the Calf Mens Dress Socks (3 Pairs) | Cotton Made, Long Socks, Wide Socks | Light Compression Socks for Men in Black Gradient Colors | Big and Tall Size (US Mens Shoe 12-16)",New,65,0,66,0,0,0,0,USD,1.0,6.0,6.0,6.0,Low traffic,48.63,0.0,51.6,0.0,Advertise listing,,23.53,2.0,0.0,1080.12,0.08,0.091163,cubic feet,Apparel,5.925595,US,gl_apparel,420341.0,366,0,43.0,140.0,46.42,48.68,276.81,315.08,278.7,0,66,0,0,0,4.43,0,0,0,0,,0,0,,,,,,,,,,,,,,,154.0,3.0,Healthy,,,2024-06-24,Yes,No,154.0,82.3
2024-06-22,CF-EZLB-YBG9,X0LGJRU0BV,B0KFJ27JAA,"SockBrand Over the Calf Mens Dress Socks (3 Pairs) | Cotton Made, Long Socks, Wide Socks | Light Compression Socks for Men | Bikes, Elephants, and Flamingos | Big and Tall Size (US Mens Shoe 12-16)",New,0,0,6,1,0,0,0,USD,2.0,8.0,10.0,11.0,Low traffic,50.56,0.0,50.48,0.0,SendToFBA,,25.81,2.0,0.0,240.27,1.2,0.077011,cubic feet,Apparel,0.0,US,gl_apparel,283783.0,18,0,0.0,0.0,48.48,100.81,374.92,511.06,550.05,6,0,0,0,0,0.28,0,0,0,0,,6,0,,,,,,,,,,,,,,,135.0,3.0,Healthy,25.0,2024-06-30,2024-06-24,Yes,No,90.5,135.0
2024-06-21,RO-E1CW-2E5F,X0DTHZRESQ,B0CH61G1KE,"SockBrand Crew Socks for Men (9 Pairs) | 100% Cotton Socks for Men, Short Socks for Men, Mid Calf Socks in Formal Striped Patterns, and Solid Colors | Classic Size (US Mens Shoe 7-11)",New,34,0,0,1,15,19,0,USD,0.0,0.0,0.0,0.0,Low traffic,59.23,0.0,70.57,0.0,AlreadyOnAdvertisedCampaign,,0.0,0.0,0.0,2399.2,0.0,0.174011,cubic feet,Apparel,5.916374,US,gl_apparel,299426.0,366,34,,,70.61,0.0,0.0,0.0,0.0,0,0,0,34,0,22.23,0,0,0,0,,0,0,0.0,0.0,0.0,0.0,0.0,0.0,0.0,0.0,0.0,0.0,19.0,20.82,0.0,0.0,302.2,3.0,Excess,,,2024-06-24,Yes,No,302.2,279.3
2024-06-19,XQ-LP2Z-7RRZ,X0Z698CTO3,B0Q32RXCCY,"SockBrand Over the Calf Mens Dress Socks (3 Pairs) | Cotton Made, Long Socks, Wide Socks | Light Compression Socks for Men in Blue, Grey, Green and Yellow Stripes | Big and Tall Size (US Men 12-16)",New,8,0,6,0,0,0,0,USD,2.0,10.0,18.0,37.0,Low traffic,47.25,0.0,53.92,0.0,SendToFBA,,0.0,0.0,0.0,0.0,2.62,0.077011,cubic feet,Apparel,0.616088,US,gl_apparel,361312.0,49,0,3.0,2.0,53.05,91.66,525.04,901.54,1421.64,6,0,0,0,0,0.26,0,0,0,0,,0,1,,,,,,,,,,,,,,,162.0,7.0,Healthy,25.0,2024-06-30,2024-06-24,Yes,No,162.0,100.4
2024-06-21,QN-M21O-2Y1E,X0J7EFJM3N,B00GFOUXUS,"SockBrand Over the Calf Mens Dress Socks (3 Pairs) | Cotton Made, Long Socks, Wide Socks | Light Compression Socks for Men in American Flag Colors and Patterns | Big and Tall Size (US Mens 12-16)",New,42,0,43,0,0,0,0,USD,2.0,8.0,14.0,19.0,Low traffic,49.38,0.0,49.76,0.0,Advertise listing,,25.75,2.0,0.0,33.12,0.47,0.096643,cubic feet,Apparel,4.059006,US,gl_apparel,322758.0,269,0,21.0,28.0,49.87,101.62,371.46,687.29,960.97,1,0,42,0,0,2.97,0,0,0,0,,1,0,,,,,,,,,,,,,,,162.0,7.0,Healthy,,,2024-06-24,Yes,No,162.0,100.4
2024-06-22,BL-CLMN-5785,X0U4DRWZBN,B0AXTBNNNG,"SockBrand Over the Calf Mens Dress Socks (3 Pairs) | Cotton Made, Long Socks, Wide Socks | Light Compression Socks for Men in Black, Blue, Red Striped Colors | Classic Size (US Mens Shoe 7-11)",New,7,0,0,7,0,0,0,USD,1.0,5.0,7.0,8.0,Low traffic,46.41,0.0,45.25,0.0,Create Outlet deal,,23.14,2.0,0.0,311.26,0.68,0.073552,cubic feet,Apparel,0.514864,US,gl_apparel,316583.0,128,7,5.0,11.0,44.98,46.43,240.13,290.98,345.07,0,0,0,0,0,0.44,0,0,0,0,,0,0,,,,,,,,,,,,,,,135.0,2.0,Excess,1.0,2024-07-02,2024-06-24,Yes,No,90.5,135.0
2024-06-21,QT-NYRW-OFT8,X0XEA2ESMP,B05LH9USR5,"SockBrand Over the Calf Mens Dress Socks (9 Pairs) | Cotton Made, Long Socks, Wide Socks | Light Compression Socks for Men, Animal Figures on Solid Colors | Big and Tall Size (US Mens 12-16)",New,2,0,1,1,0,0,0,USD,1.0,5.0,10.0,12.0,Low traffic,106.97,0.0,108.56,0.0,Advertise listing,,0.0,0.0,0.0,3529.78,1.41,0.163263,cubic feet,Apparel,0.326526,US,gl_apparel,709566.0,26,0,1.0,2.0,107.41,94.6,494.11,1022.09,1089.41,0,0,1,0,0,11.36,0,0,0,0,,0,0,,,,,,,,,,,,,,,151.8,4.0,Low stock,,,2024-06-24,Yes,No,151.8,119.8
2024-06-21,IH-XEF3-J8JC,X042Z451CU,B0REVRSJRN,"SockBrand Over the Calf Mens Dress Socks (3 Pairs) | Cotton Made, Long Socks, Wide Socks | Light Compression Socks for Men All in Grey Color | Classic Size (US Mens Shoe 7-11)",New,21,0,0,0,21,0,0,USD,3.0,4.0,15.0,24.0,Low traffic,46.35,0.0,48.58,0.0,Create Outlet deal,,21.54,2.0,0.0,770.23,0.78,0.066836,cubic feet,Apparel,1.403556,US,gl_apparel,419068.0,339,21,21.0,11.0,43.84,110.79,153.58,497.86,806.91,0,0,0,21,0,0.96,0,0,0,0,,0,0,,,,,,,,,,,,,,,154.0,,Excess,,,2024-06-24,Yes,No,154.0,82.3
2024-06-21,HF-CI1F-D0WW,X0F613TOL7,B0J50QF5YN,"SockBrand Over the Calf Mens Dress Socks (3 Pairs) | Cotton Made, Long Socks, Wide Socks | Light Compression Socks for Men in Unique Argyle Designs | Classic Size (US Mens Shoe 7-11)",New,27,0,24,0,3,0,0,USD,1.0,3.0,11.0,17.0,Low traffic,47.27,0.0,45.33,0.0,Advertise listing,,0.0,0.0,0.0,2.51,1.01,0.078493,cubic feet,Apparel,2.119311,US,gl_apparel,322062.0,172,0,36.0,20.0,46.07,28.48,120.57,494.9,766.53,24,0,0,3,0,1.52,0,0,0,0,,0,0,,,,,,,,,,,,,,,162.0,13.0,Healthy,,,2024-06-24,Yes,No,162.0,100.4
2024-06-21,GO-OIIQ-SYB2,X05FCXKTWP,B0GOAXVSOL,"SockBrand Over the Calf Mens Dress Socks (9 Pairs) | Cotton Made, Long Socks, Wide Socks | Light Compression Socks for Men in Beige, Brown, Blue and Pink Colors | Classic Size (US Mens Shoe 7-11)",New,49,0,55,0,0,0,0,USD,2.0,8.0,11.0,14.0,Low traffic,94.0,0.0,98.75,0.0,Advertise listing,,44.62,2.0,0.0,3294.87,0.73,0.163263,cubic feet,Apparel,7.999887,US,gl_apparel,584067.0,366,0,24.0,45.0,87.49,182.2,705.99,926.74,1267.53,55,0,0,0,0,13.85,0,0,0,0,,5,1,,,,,,,,,,,,,,,176.2,6.0,Healthy,,,2024-06-24,Yes,No,176.2,131.6
2024-06-21,FI-Q62Z-G12B,X0DS6QFE8Y,B046NFQ3O8,"SockBrand Over the Calf Mens Dress Socks (9 Pairs) | Cotton Made, Long Socks, Wide Socks | Light Compression Socks for Men | Blue, Navy Blue, Sky Blue | Classic Size (US Mens Shoe 7-11)",New,15,0,16,0,0,0,0,USD,1.0,7.0,22.0,45.0,Low traffic,41.42,0.0,42.65,0.0,Advertise listing,,,,,,2.23,0.098939,cubic feet,Other,1.484085,US,gl_apparel,,366,0,51.0,26.0,43.24,46.02,316.15,817.7,1376.2,16,0,0,0,0,,75,0,0,75,,0,0,,,,,,,,,,,,,,,154.0,14.0,Healthy,,,2024-06-24,Yes,No,154.0,82.3
2024-06-21,QO-XJ32-CPNM,X0LS5PH3VR,B0YTY6X113,"SockBrand Over the Calf Mens Dress Socks (9 Pairs) | Cotton Made, Long Socks, Wide Socks | Light Compression Socks for Men in Sea Themed Designs | Classic Size (US Mens Shoe 7-11)",New,22,0,23,0,0,0,0,USD,1.0,4.0,7.0,7.0,Low traffic,96.86,0.0,100.33,0.0,Advertise listing,,0.0,0.0,0.0,3423.91,0.35,0.163263,cubic feet,Apparel,3.591786,US,gl_apparel,647319.0,239,0,22.0,40.0,87.49,95.49,384.04,623.24,610.21,0,2,21,0,0,12.86,0,0,0,0,,0,0,,,,,,,,,,,,,,,176.2,,,,,2024-06-24,Yes,No,176.2,131.6
2024-06-22,TV-N67F-RNKG,X0GXTJ9RWV,B0TKVWHP67,"SockBrand Crew Socks for Men (9 Pairs) | 100% Cotton Socks for Men, Short Socks for Men, Mid Calf Socks in Patterns, Argyles and Solids | Classic Size (US Mens Shoe 7-11)",New,6,0,14,0,4,0,0,USD,0.0,2.0,4.0,7.0,Low traffic,84.06,0.0,68.52,0.0,Advertise listing,,0.0,0.0,0.0,1022.11,0.62,0.174011,cubic feet,Apparel,1.044066,US,gl_apparel,267704.0,366,18,12.0,11.0,67.68,0.0,129.37,235.45,492.42,14,0,0,4,0,2.14,0,0,0,0,,12,0,,,,,,,,,,,,,,,302.2,2.0,Excess,,,2024-06-24,Yes,No,302.2,279.3
2024-06-21,UT-F1EA-4KPV,X0FB5MQHV0,B0ZMSNWQFX,"SockBrand Over the Calf Mens Dress Socks (9 Pairs) | Cotton Made, Long Socks, Wide Socks | Light Compression Socks for Men in Blue Sea Themed Designs | Big and Tall Size (US Mens 12-16)",New,21,0,22,0,0,0,0,USD,0.0,3.0,8.0,8.0,Low traffic,97.14,0.0,107.67,0.0,Advertise listing,,0.0,0.0,0.0,2529.1,0.43,0.176666,cubic feet,Apparel,3.709986,US,gl_apparel,554122.0,358,0,28.0,34.0,95.94,0.0,317.27,821.66,798.99,0,0,22,0,0,6.79,0,0,0,0,,0,0,,,,,,,,,,,,,,,176.2,,,,,2024-06-24,Yes,No,176.2,131.6
2024-06-22,EK-E0NE-DHNN,X0NQHVL25A,B0SSPFOZG3,"SockBrand Over the Calf Mens Dress Socks (3 Pairs) | Cotton Made, Long Socks, Wide Socks | Light Compression Socks for Men in Yellow, Pink and Burgundy Polka Dots | Classic Size (US Mens Shoe 7-11)",New,17,0,0,0,17,0,0,USD,0.0,2.0,3.0,3.0,Low traffic,47.16,0.0,44.73,0.0,Create Outlet deal,,23.16,2.0,0.0,1047.9,0.16,0.031257,cubic feet,Apparel,0.531369,US,gl_apparel,418879.0,366,17,34.0,73.0,41.99,0.0,78.94,123.22,111.76,0,0,0,17,0,1.01,0,0,0,0,,0,0,,,,,,,,,,,,,,,188.2,3.0,Excess,,,2024-06-24,Yes,No,127.4,188.2
2024-06-21,GO-RJPG-ZV1F,X0VMJIKDEB,B0NO6ZGBHN,"SockBrand Over the Calf Mens Dress Socks (3 Pairs) | Cotton Made, Long Socks, Wide Socks | Light Compression Socks for Men in Blue, Grey, Green and Yellow Stripes | Classic Size (US Mens Shoe 7-11)",New,14,0,14,0,0,0,0,USD,1.0,7.0,30.0,38.0,Low traffic,43.51,0.0,46.75,0.0,SendToFBA,,0.0,0.0,0.0,0.0,1.88,0.070027,cubic feet,Apparel,0.980378,US,gl_apparel,326800.0,107,0,8.0,4.0,43.48,44.12,289.29,1083.9,1389.43,14,0,0,0,0,0.71,0,0,0,0,,0,0,,,,,,,,,,,,,,,162.0,14.0,Healthy,3.0,2024-07-03,2024-06-24,Yes,No,162.0,100.4
2024-06-21,RT-ZE0I-IMR5,X0L7M4GZ8H,B0DARN70IP,"SockBrand Over the Calf Mens Dress Socks (9 Pairs) | Cotton Made, Long Socks, Wide Socks | Light Compression Socks for Men in Elegant Striped Patterns | Classic Size (US Mens Shoe 7-11)",New,23,0,24,0,0,0,0,USD,0.0,2.0,4.0,14.0,Low traffic,94.15,0.0,97.67,0.0,Advertise listing,,0.0,0.0,0.0,2.61,0.88,0.168774,cubic feet,Other,3.881802,US,gl_apparel,629207.0,146,0,46.0,21.0,92.8,0.0,193.73,379.84,1289.41,0,24,0,0,0,2.79,0,0,0,0,,1,0,,,,,,,,,,,,,,,101.2,6.0,Healthy,,,2024-06-24,Yes,No,101.2,75.6
2024-06-21,HC-1AG4-FYX2,X0V0ABPJNT,B0BD7I9H0O,"SockBrand Over the Calf Mens Dress Socks (3 Pairs) | Cotton Made, Long Socks, Wide Socks | Light Compression Socks for Men in Turtle, Fish, and Anchor Designs | Classic Size (US Mens Shoe 7-11)",New,1,0,1,0,0,0,0,USD,1.0,1.0,5.0,5.0,Low traffic,42.96,0.0,42.92,0.0,SendToFBA,,0.0,0.0,0.0,31.53,2.86,0.031257,cubic feet,Apparel,0.031257,US,gl_apparel,284664.0,22,0,4.0,2.0,44.03,48.39,45.32,225.8,242.16,1,0,0,0,0,0.02,0,0,0,0,,0,0,,,,,,,,,,,,,,,135.0,1.0,Healthy,4.0,2024-07-01,2024-06-24,Yes,No,90.5,135.0
2024-06-21,NC-75OJ-4MS7,X02I4JY6D8,B0RYYAHU8Y,SockBrand Over the Calf Socks for Men (9 pairs) | Colorful Funky Dress Socks | Cotton made over the calf dress socks | Double Comfort Elastic Socks | Fashion Pattern Casual Dress Socks,New,22,0,22,0,0,0,0,USD,1.0,5.0,14.0,14.0,Low traffic,83.93,0.0,95.94,0.0,Advertise listing,,46.58,2.0,0.0,4393.4,0.98,0.17913,cubic feet,Other,3.94086,US,gl_apparel,629819.0,280,0,17.0,20.0,88.18,110.25,460.63,1222.96,1238.93,0,22,0,0,0,14.63,0,0,0,0,,0,0,,,,,,,,,,,,,,,151.8,4.0,Healthy,,,2024-06-24,Yes,No,151.8,119.8
2024-06-21,KP-8UGW-JXYZ,X0ACVV7XGT,B0RKWLRTZ9,"SockBrand Over the Calf Mens Dress Socks (3 Pairs) | Cotton Made, Long Socks, Wide Socks | Light Compression Socks for Men | All Black Socks for Men | Classic Size (US Mens Shoe 7-11)",New,14,0,6,1,8,0,0,USD,3.0,13.0,38.0,59.0,Low traffic,44.75,0.0,47.04,0.0,Advertise listing,,0.0,0.0,0.0,0.0,1.55,0.066836,cubic feet,Apparel,0.935704,US,gl_apparel,424549.0,76,0,4.0,3.0,44.76,145.45,597.74,1385.24,1890.16,6,0,0,8,0,0.64,0,0,0,0,,1,0,,,,,,,,,,,,,,,154.0,,,,,2024-06-24,Yes,No,154.0,82.3
2024-06-22,PQ-Q0TS-XGKJ,X083ZIPUEO,B0VAGQAT1P,"SockBrand Over the Calf Mens Dress Socks (9 Pairs) | Cotton Made, Long Socks, Wide Socks | Light Compression Socks for Men in Travel Themed Designs | Classic Size (US Mens Shoe 7-11)",New,25,0,25,0,0,0,0,USD,0.0,1.0,4.0,4.0,Low traffic,92.33,0.0,97.53,0.0,Advertise listing,,45.61,2.0,0.0,2214.33,0.24,0.182183,cubic feet,Apparel,4.554575,US,gl_apparel,616397.0,366,0,100.0,81.0,95.26,0.0,69.35,354.99,312.99,0,0,25,0,0,3.13,0,0,0,0,,0,0,,,,,,,,,,,,,,,151.8,4.0,Healthy,,,2024-06-24,Yes,No,151.8,119.8
2024-06-21,FS-AX92-SUFF,X0QN1JR8VS,B03ZF4L1SZ,"SockBrand Crew Socks for Men (9 Pairs) | 100% Cotton Socks for Men, Short Socks for Men, Mid Calf Socks in Black, Blue, and Brown Shades | Big and Tall Size (US Mens Shoe 12-16)",New,22,0,0,0,0,22,0,USD,0.0,2.0,5.0,5.0,Low traffic,60.32,0.0,79.91,0.0,Advertise listing,,0.0,0.0,0.0,1133.44,0.2,0.126243,cubic feet,Apparel,2.777346,US,gl_apparel,281821.0,999,22,44.0,57.0,83.85,0.0,151.02,320.25,343.37,0,0,0,22,0,17.54,0,0,0,0,,0,0,0.0,0.0,0.0,0.0,0.0,0.0,0.0,0.0,0.0,0.0,22.0,17.5,0.0,0.0,302.2,3.0,Excess,,,2024-06-24,Yes,No,302.2,279.3
2024-06-18,NU-2NHN-HM45,X00ZTNU7PX,B0C2UKULMK,"SockBrand Over the Calf Mens Dress Socks (9 Pairs) | Cotton Made, Long Socks, Wide Socks | Light Compression Socks for Men in Blue, Purple, and Gray Designs | Big and Tall Size (US Mens 12-16)",New,21,0,28,0,0,0,0,USD,0.0,6.0,8.0,12.0,Low traffic,100.37,0.0,103.53,0.0,Create Outlet deal,,47.29,2.0,0.0,2457.68,0.98,0.163239,cubic feet,Apparel,3.428019,US,gl_apparel,608689.0,304,27,14.0,22.0,97.19,0.0,613.82,748.94,1112.97,28,0,0,0,0,3.49,0,0,0,0,,7,0,,,,,,,,,,,,,,,151.8,,Excess,,,2024-06-24,Yes,No,151.8,119.8
2024-06-21,YB-U3W7-OFVO,X0JSKKHGDB,B0T3A525DR,"SockBrand Over the Calf Mens Dress Socks (9 Pairs) | Cotton Made, Long Socks, Wide Socks | Light Compression Socks for Men in Formal Stripes and Solid Colors | Big and Tall Size (US Mens 12-16)",,0,0,20,0,0,0,0,USD,0.0,0.0,3.0,9.0,Low traffic,,,98.12,-1.0,Edit listing,,,,,,1.2,0.33996,cubic feet,Apparel,0.0,US,gl_apparel,,258,0,,0.0,103.34,0.0,0.0,279.56,956.44,20,0,0,0,0,,0,0,0,0,,20,0,,,,,,,,,,,,,,,101.2,8.0,Healthy,,,2024-06-24,Yes,No,101.2,75.6
2024-06-21,MK-GP19-UXCI,X08YGQ4EGD,B0P9ESTRRR,SockBrand Over the Calf Socks for Men (9 pairs) | Cotton Over the Calf Dress Socks | Long Socks Stays up12+ hr| Double Comfort Elastic Casual Socks | Multi Fashion Pattern Socks | Size 7-11 |12-16,,16,0,30,0,0,0,0,USD,0.0,0.0,0.0,0.0,Low traffic,,,116.04,-1.0,Edit listing,,,,,,0.0,0.163263,cubic feet,Apparel,2.612208,US,gl_apparel,,366,0,,,90.68,0.0,0.0,0.0,0.0,30,0,0,0,0,,30,0,30,0,,14,0,,,,,,,,,,,,,,,101.2,1.0,Healthy,,,2024-06-24,Yes,No,101.2,75.6
